id,from,to,reason
F001,04其他资助,02项目完整详情,正式受理日期已知，但已有公告未证实机器人相关具体任务；不以医疗器械名称代替任务证据。
F002,04其他资助,04其他资助,公告有机器人/具身智能测控具体任务及高校团队申报入口；未公开条件继续保留。
F003,04其他资助,02项目完整详情,已有资料不能确定当期受理窗口或现金资助；不推定仍可申请。
F004,04其他资助,02项目完整详情,已有资料不能确定当期受理窗口或现金资助；不推定仍可申请。
F005,04其他资助,02项目完整详情,已有资料不能确定当期受理窗口或现金资助；不推定仍可申请。
F006,04其他资助,03历史项目,已有明确截止日期早于2026-10-10；停止补取历史资料。
F007,04其他资助,02项目完整详情,当前为2026-10-10，10月12日起受理；香港牵头及内地方资格见原条款。
F008,04其他资助,03历史项目,已有明确截止日期早于2026-10-10；停止补取历史资料。
F009,04其他资助,03历史项目,已有明确截止日期早于2026-10-10；停止补取历史资料。
F010,04其他资助,03历史项目,已有明确截止日期早于2026-10-10；停止补取历史资料。
F011,04其他资助,03历史项目,已有明确截止日期早于2026-10-10；停止补取历史资料。
F012,04其他资助,02项目完整详情,已有资料不能确定当期受理窗口或现金资助；不推定仍可申请。
F013,04其他资助,03历史项目,已有明确截止日期早于2026-10-10；停止补取历史资料。
F014,04其他资助,03历史项目,已有明确截止日期早于2026-10-10；停止补取历史资料。
F015,04其他资助,02项目完整详情,已有资料不能确定当期受理窗口或现金资助；不推定仍可申请。
F016,04其他资助,02项目完整详情,已有资料不能确定当期受理窗口或现金资助；不推定仍可申请。
F017,04其他资助,03历史项目,已有明确截止日期早于2026-10-10；停止补取历史资料。
F018,04其他资助,03历史项目,已有明确截止日期早于2026-10-10；停止补取历史资料。
F019,04其他资助,02项目完整详情,广东注册法人及广东在职负责人牵头；南京信息工程大学能否作为省外参与方、获得经费未载，不列当前个人申报入口。
F020,04其他资助,03历史项目,已有明确截止日期早于2026-10-10；停止补取历史资料。
F021,04其他资助,03历史项目,已有明确截止日期早于2026-10-10；停止补取历史资料。
F022,04其他资助,04其他资助,公告明确允许省外合作单位参与，须青海单位牵头；资金由协议确定，不把项目总额当作个人可获得金额。
