原项目编号,依托单位,实验室/项目,状态,剔除依据,官方来源,核查日期
M172,南京信息工程大学,水利部水文气象灾害机理与预警重点实验室,已截止,指南限定水文气象灾害机理及预警。,https://hymed.nuist.edu.cn/2026/0809/c8032a300578/page.htm,2026-10-08
M184,南京信息工程大学,风险治理与应急决策研究院,已截止,指南限定风险治理、应急管理与政策研究。,https://smse.nuist.edu.cn/info/1081/7576.htm,2026-10-08
M179,南京大学,生命分析化学全国重点实验室,线索待核,指南限定生命分析化学及生物分析。,https://sklac.nju.edu.cn/fc/a5/c34723a588965/page.htm,2026-10-08
M173,南京工业大学,材料化学工程全国重点实验室,已截止,指南限定材料化学反应与材料制备。,https://mce.njtech.edu.cn/info/1058/1987.htm,2026-10-08
M170,南京大学,关键地球物质循环与成矿全国重点实验室,已截止,指南限定地球物质循环、成矿及地球化学。,https://lamd.nju.edu.cn/info/1021/1223.htm,2026-10-08
M183,南京警察学院,警犬技术公安部重点实验室,已截止,现有研究对象为警犬行为、训练与生物相关技术。,https://www.njpu.edu.cn/2026/0420/c1693a102949/page.htm,2026-10-08
M171,南京医科大学,生殖医学与子代健康全国重点实验室,已截止,指南限定生殖医学与子代健康机制。,https://sklrm.njmu.edu.cn/2026/0714/c1970a304596/pagem.htm,2026-10-08
M123,澳门大学,应用物理及材料工程研究院开放研究项目,已截止,指南本批任务为COF/锌碘电池材料、电解槽与钙钛矿器件。,https://iapme.um.edu.mo/wp-content/uploads/2026/01/1.-IAPME-ORP-%E6%8C%87%E5%8D%97-2026.pdf,2026-10-08
M150,澳门大学,创新创业中心“大健康+”加速器（2026）,已截止,现有计划为大健康创新创业、商业与成果转化生态研究。,https://e-bulletin.um.edu.mo/notice/500662/,2026-10-08
M151,澳门大学,中药机制与质量全国重点实验室（2026）,已截止,指南限定中药质量、药效及作用机制。,https://sklmqcm.um.edu.mo/skl-orpp/?lang=zh-hant,2026-10-08
M038,北京工业大学,智能感知与自主控制教育部工程研究中心,资格不符,北京工业大学本批公告只面向本校在职教师；本人现职南信大。不在有效清单展示，保留原记录、公告和理由。,https://sist.bjut.edu.cn/info/1222/5293.htm,2026-10-08
M140,中国科学院物理研究所,平台/项目名称见官网,线索待核,指南任务为凝聚态物理与量子材料研究。,https://www.iphy.ac.cn/xwzx/tzgg/202608/t20260827_8265708.html,2026-10-08
M141,中国科学院半导体研究所,光电子材料与器件全国重点实验室,线索待核,指南任务为光电子材料、半导体器件及相关物理机制。,https://www.semi.ac.cn/tzgg/202609/t20260917_8284106.html,2026-10-08
M071,中国石油大学（北京）克拉玛依校区,新疆油气智能勘探与开发重点实验室,线索待核,现有公告为油气勘探开发指南建议征集，并非课题资助受理。,https://www.cupk.edu.cn/olgas/c/2026-05-30/534544.shtml,2026-10-08
M192,重庆大学,山地城镇建设与新技术教育部重点实验室,已截止,指南限定山地城镇建设及土木结构。,https://chongjian-lab.cqu.edu.cn/info/1012/2272.htm,2026-10-08
M158,华东师范大学,自然资源部超大城市自然资源时空大数据分析应用重点实验室,线索待核,指南限定自然资源时空数据分析和资源治理。,https://bigdata.ecnu.edu.cn/ee/2e/c43524a781870/page.htm,2026-10-08
M143,同济大学,土木工程防灾减灾全国重点实验室,线索待核,指南限定土木结构抗灾、防灾减灾。,https://sldrce.tongji.edu.cn/d6/b7/c33242a382647/page.htm,2026-10-08
M155,上海交通大学,射频异质异构集成全国重点实验室,已截止,指南限定射频异质异构集成电路及器件。,https://rfhi.sjtu.edu.cn/show/183,2026-10-08
M110,同济大学,工程结构性能演化与控制教育部重点实验室,已截止,指南研究对象为建筑及土木结构性能演化。,https://peces.tongji.edu.cn/tzgg/148,2026-10-08
M175,常州大学,智能制造龙城实验室/工业母机工程研究院,资格不符,常州大学本批公告面向机械学院及大数据学院内部遴选。不能以一般管理办法允许外部人员覆盖该批次限制。,https://iimt.cczu.edu.cn/2026/0519/c22023a415871/page.htm,2026-10-08
M174,中科院苏州纳米技术与纳米仿生研究所,江苏省类器官创制与精准医疗重点实验室,已截止,指南四领域为干细胞材料、类器官创制、类器官功能表征及药物筛选。,https://sinano.cas.cn/news/xmtz/202601/t20260129_8120336.html,2026-10-08
M178,深圳大学,射频异质异构集成全国重点实验室,已截止,指南限定射频异质集成电路及器件。,https://hi-rfskl.szu.edu.cn/info/1032/1875.htm,2026-10-08
M136,内蒙古·内蒙古工业大学,大规模储能技术教育部工程研究中心,资格不符,本批明确为内蒙古工业大学校内子课题征集。,https://lest.imut.edu.cn/info/1115/6280.htm,2026-10-08
M163,四川大学,深地科学与工程教育部重点实验室,线索待核,指南任务为深地岩体、地质工程与地下工程。,https://duse.scu.edu.cn/News/tz/2026-09-09/261.html,2026-10-08
M144,烟台大学,山东省先进结构材料基因工程重点实验室,线索待核,指南限定结构材料基因设计及材料制备。,https://iaspm.ytu.edu.cn/info/1022/1653.htm,2026-10-08
M139,河南·郑州佛光发电设备股份有限公司/郑州大学,河南省金属燃料电池重点实验室,已截止,指南限定金属燃料电池、电化学与能源材料。,https://www7.zzu.edu.cn/kjc/info/1066/4407.htm,2026-10-08
M128,青海理工学院,青海省大数据金融与人工智能应用技术重点实验室,已截止,指南限定生态经济金融、数字经济管理和金融创新应用；非机器人或工业装备任务。,https://sxy.qhit.edu.cn/info/1060/3767.htm,2026-10-08
M149,哈尔滨工业大学,特种环境复合材料技术国家级重点实验室,已截止,指南限定特种环境复合材料制备及性能。,https://ccms.hit.edu.cn/2026/0918/c13809a401763/page.htm,2026-10-08
M138,北京·清华大学—美团,2026具身智能科研专项（校内人员限定，非外部开放基金）,资格不符,本批仅面向清华大学校内教师。,https://www.ee.tsinghua.edu.cn/info/1076/5399.htm,2026-10-08
M145,西南石油大学,影像资料智能处理及融合应用技术四川省文化和旅游厅重点实验室,线索待核,指南限定文化旅游影像、区域文化与文旅应用。,https://www.swpu.edu.cn/rwskc/info/1013/4556.htm,2026-10-08
M147,中国科学院山西煤炭化学研究所,煤炭高效低碳利用全国重点实验室（2027—2028年度）,线索待核,指南限定煤炭转化、煤化工与低碳工艺。,https://sxicc.cas.cn/tz/temp/202609/t20260924_8286738.html,2026-10-08
M177,南方科技大学,量子功能材料全国重点实验室,已截止,指南限定量子功能材料与量子物理。,https://sklqfm.sustech.edu.cn/projects/1281.html,2026-10-08
M191,国家科技信息资源综合利用与公共服务中心,STI数字医疗实验室,已剔除·范围不符,实际任务为真实世界临床数据、患者预后预测及医疗数据建模；未包含机器人或相关智能装备任务。,https://www.stilab.ac.cn/newsDetail/f531f8734c554261a6e2a09a14099df1.html,2026-10-08
M119,清华大学,互联网体系结构全国重点实验室,已剔除·范围不符,实际任务为互联网体系结构、路由传输、算力适配及网络安全；没有机器人任务。,https://www.insc.tsinghua.edu.cn/info/1192/4432.htm,2026-10-08
M153,昆明理工大学,云南省复杂系统与类脑智能重点实验室（筹）,已剔除·范围不符,公告任务为复杂网络、认知机制与类脑系统建模；未列机器人、具身系统或智能装备研究任务。,https://lxy.kust.edu.cn/info/1151/2522.htm,2026-10-08
M146,西南交通大学,磁浮技术与磁浮列车教育部重点实验室,已剔除·范围不符,当期任务为电磁悬浮、超导材料、电磁驱动、牵引供电及磁浮交通运行控制；未包含机器人任务，不能以磁浮控制关键词保留。,https://jdcf.swjtu.edu.cn/info/1033/1624.htm,2026-10-08
M193,中北大学,极限环境光电动态测试技术与仪器全国重点实验室,已剔除·范围不符,当期任务为极限环境光电测试、单光子成像、爆炸灾害与毁伤评估；不以光电感知关键词保留。,https://skl-dmt.nuc.edu.cn/info/1012/1894.htm,2026-10-08
M113,江汉大学,认知与情感障碍湖北省重点实验室,已剔除·范围不符,本期任务聚焦认知与情感障碍、脑疾病诊疗和神经调控；未列机器人或人机协作装备任务。,https://jdcad.jhun.edu.cn/8e/7b/c7392a233083/page.htm,2026-10-08
M003,上海科技大学,先进医用材料与医疗器械全国重点实验室（第二批重点开放）,已剔除·范围不符,第二批实际指南为磁共振、CT、介入与放疗临床验证及DR智能质控；未发布机器人感知、规划或控制任务。,https://www.shanghaitech.edu.cn/2026/0907/c1482a1126842/page.htm,2026-10-08
M162,同济大学,脊柱脊髓损伤再生修复教育部重点实验室,已剔除·范围不符,实际任务为脊柱脊髓损伤、再生修复与临床医学交叉；未列机器人或相关智能装备研究任务。,https://sci.tongji.edu.cn/info/1045/1499.htm,2026-10-08
M168,东南大学,能源热转换及其过程测控教育部重点实验室,已剔除·范围不符,任务为能源热转换、低碳能源与能源过程测控；未列机器人研究任务。,https://etcc.seu.edu.cn/2026/0428/c7052a566005/page.htm,2026-10-08
M167,东南大学,移动通信全国重点实验室,已剔除·范围不符,当期任务为移动通信体系、无线资源与通信网络技术；未列机器人或具身系统任务。,https://ncrl.seu.edu.cn/2026/0803/c15598a578768/page.htm,2026-10-08
M169,南京航空航天大学,空间智能感知与大模型应用联合实验室,2026-10-09复核恢复（历史项目）,任务为卫星遥感、星座规划与空间信息处理；未列机器人或地面无人装备任务。 复核恢复：旧筛选额外限定地面无人装备；按用户广泛自主系统/智能装备范围，年度1.3实时三维重建与场景感知、2.1星座任务规划、2.2卫星自主协同控制列历史参考；商业航天背景如实保留，其他遥感商业任务不扩充。原N027别名停用，不计新增。,https://kyy.nuaa.edu.cn/2026/0604/c5817a400921/page.htm,2026-10-09
M164,澳门大学,模拟与混合信号集成电路全国重点实验室（SKL-AMSV）,已剔除·范围不符,指南研究对象为模拟混合信号芯片、通信、数据转换、电源与微流控；没有具体机器人任务。,https://ime.um.edu.mo/zh-hans/open-research-project/guidelines/,2026-10-08
M154,清华大学,新型电力系统运行与控制全国重点实验室,已剔除·范围不符,任务为新型电力系统运行、电网安全与能源材料；没有机器人任务。,https://epowerlab.tsinghua.edu.cn/info/1179/1506.htm,2026-10-08
M012,中国铁道科学研究院集团有限公司/中国中车,动车组和机车牵引与控制国家重点实验室,已剔除·范围不符,任务针对机车牵引传动、电机热模型与车辆系统运行；没有机器人研究任务。,https://www.rails.cn/html/news/11/2026/20260722_69048.html,2026-10-08
M134,陕西·西北工业大学,凝固技术全国重点实验室,已剔除·范围不符,指南实际聚焦凝固、铸造、晶体生长与材料制造；智能制造表述未形成机器人任务依据。,https://sklsp.nwpu.edu.cn/info/2041/12902.htm,2026-10-08
D-GZU-001,贵州大学,贵州省先进医学成像与智能计算全省重点实验室,已剔除·范围不符,实际指南为MRI、CT、医学图像处理和临床智能计算；未包含机器人任务。,https://cs.gzu.edu.cn/_t2870/2025/0526/c16278a250729/page.htm,2026-10-08
M126,泸州职业技术学院,智能控制与电子器件应用技术泸州市重点实验室,已剔除·范围不符,当期任务为铁性器件、微波介质陶瓷、储能与物联网材料；未列机器人任务。,https://eed.lzy.edu.cn/info/1052/2555.htm,2026-10-08
M019,潍柴动力等,内燃机与动力系统全国重点实验室,已剔除·范围不符,当期方向为发动机燃烧、清洁排放与动力系统匹配；未发布机器人任务。,https://www.skler.cn/home/focus/202606/t20260611_125037.html,2026-10-08
M079,河北地质大学,河北省地质环境智能感知与数据处理重点实验室,恢复历史项目（具体年度感知设备任务复核，原N119归并）,实际方向为岩性识别、地热和地质环境解释；未发布机器人研究任务。；2026-10-10复核完整年度低功耗自组网边缘设备/多源智能感知具体任务，原N119是同一公告，恢复原M079而非新增第二项目。,https://www.hgu.edu.cn/info/1050/11863.htm,2026-10-10
M028,华中科技大学,强电磁技术全国重点实验室,已剔除·范围不符,具体指南为电力暂态、电磁能转换、强磁场与电力器件研究；未列机器人任务，原执行控制概括过宽。,https://seee.hust.edu.cn/seee/info/1062/19373.htm,2026-10-08
D-CAS-001,中国科学院精密测量科学与技术创新研究院,磁共振波谱与成像全国重点实验室,已剔除·范围不符,任务为磁共振波谱、成像及相关物理方法；没有机器人感知、规划或控制任务。,https://sklmrsi.apm.ac.cn/kfjl/kfkt/202604/t20260424_835102.html,2026-10-08
M030,湖南大学,整车先进设计制造技术全国重点实验室,已剔除·范围不符,指南为整车设计、低碳制造、安全测试和系统集成；未发布自主机器人或具身研究任务。,https://dmvb.hnu.edu.cn/info/1012/2232.htm,2026-10-08
M099,厦门大学,信息学院超智医疗创新研究中心,已剔除·范围不符,指南实际为虚拟细胞、组学、疾病诊疗与医疗智能体；未列物理机器人任务。,https://inst.xmu.edu.cn/smrc/zh_CN/article/1158484/content/2008.htm,2026-10-08
M096,国家高性能医疗器械创新中心,开放基金·超声成像新技术创新基金（第一批）,已剔除·范围不符,本批任务为脂肪肝及心脏超声临床技术与验证；未列超声机器人任务。,https://www.nmed.org.cn/Content/xwzx/gg/2026-04/147314_1.html,2026-10-08
M095,国家高性能医疗器械创新中心,开放基金·智影联创平台（第二批）,已剔除·范围不符,本批任务为医学影像及临床诊断、预后验证；未列机器人感知、导航或控制任务。,https://www.nmed.org.cn/Content/xwzx/gg/2026-07/147362_1.html,2026-10-08
M036,华东理工大学,能源化工过程智能制造教育部重点实验室,已剔除·范围不符,任务对象为能源化工过程与过程优化控制；没有机器人任务。,https://smecp-lab.ecust.edu.cn/2024/1112/c9813a172788/page.htm,2026-10-08
M176,东华大学,先进纤维材料全国重点实验室,已剔除·范围不符,实际指南为纤维、复合材料及绿色加工；产线智能化措辞没有形成机器人任务依据。,https://xxgk.dhu.edu.cn/2026/0727/c1482a379171/page.htm,2026-10-08
M082,浙江大学台州研究院,全省医疗智能决策重点实验室,已剔除·范围不符,实际任务为医疗多模态数据、大模型与健康决策应用；未列物理机器人任务。,https://rizt.zju.edu.cn/2026/0122/c44789a3130666/page.htm,2026-10-08
M055,青海师范大学,藏文信息处理教育部重点实验室,2026-10-10复核恢复（历史项目）,当期任务为藏文语言、文化生成、舆情、遥感及舞蹈体态分析；未列机器人任务。 2026-10-10取得正式申请全文，年度任务3可泛化行人重识别基座模型为明确视觉识别任务，按正式规则恢复原M055；其他语言文化任务不并入。原立项来源与旧理由保留。,"https://kjc.qhnu.edu.cn/info/1062/2244.htm
https://www.qhnu.edu.cn/info/1039/21510.htm",2026-10-10
E062,哈尔滨工业大学,2026海上风电叶片检修机器人专项,剔除（本轮新增）,正式公告明确负责人为我校全职教师，校外负责人不符合；2026-09-24截止。,https://robot.hit.edu.cn/2026/0917/c338a401687/page.htm,2026-10-09
E063,哈尔滨工业大学,2026高压环境机器人专项,剔除（本轮新增）,正式公告明确负责人为我校全职教师，校外负责人不符合；2026-09-24截止。,https://robot.hit.edu.cn/2026/0917/c338a401682/page.htm,2026-10-09
E064,东南大学,移动通信全国重点实验室2027,已剔除·重复核验，归并M167,全年指南任务为无线网络、通信传输/信道、射频与基带芯片、光通信；无具体机器人相关任务，不能因智能组网保留。,https://ncrl.seu.edu.cn/2026/0803/c15598a578768/page.htm,2026-10-09
E065,昆明理工大学,复杂系统与类脑智能省重点实验室2026,已剔除·重复核验，归并M153,具体任务是脑功能网络分析、认知行为及高阶传播模型/群体状态相变；未据非线性协同推为机器人控制。,https://lxy.kust.edu.cn/info/1151/2522.htm,2026-10-09
M194,南京大学,固体微结构物理全国重点实验室,已截止,2026指南仅列微结构光声量子调控、量子材料微结构芯片、太阳能材料及软物质微结构功能/统计物理，未列具体机器人任务。,https://vlssm.nju.edu.cn/_upload/article/files/ad/eb/26886d8041ee87048ddc8cc9247c/4794bafe-0a84-4545-acf6-97314ea70768.pdf,2026-10-09
E067,河南理工大学,空间大数据获取装备研制与应用工程技术研究中心2026,已剔除（2026-10-09补查）,任务为遥感组网、空间数据采集及地质资源探测，未取得机器人自主系统具体任务；不凭装备/融合关键词收录。,https://chxy.hpu.edu.cn/info/1056/7459.htm,2026-10-09
E068,浙江大学,工业控制技术全国重点实验室2026湖控专项,已剔除（2026-10-09补查）,公告仅支持湖州本地高校、企业与全重团队；本人所在南京信息工程大学不属湖州本地，不假定通过未落实合作改变负责人资格。,https://sklict.zju.edu.cn/_upload/article/files/78/0c/0e0b7cb64212855ad4d1fb5eaeb6/cffa0197-6de0-47f3-bf87-72beb7a06283.pdf,2026-10-09
E069,桂林航天工业学院,广西特种工程装备与控制重点实验室2026主任基金,已剔除（2026-10-09补查）,明确只接受桂林航天工业学院教师申报；与对外开放课题分开。,https://seec.guat.edu.cn/info/1133/1233.htm,2026-10-09
E070,哈尔滨理工大学,工程电介质及其应用教育部重点实验室2027,已剔除（2026-10-09补查）,具体任务为电介质、绝缘性能、储能材料及电机/电子器件绝缘；没有机器人控制或感知任务。,https://djz.hrbust.edu.cn/2026/0914/c199a108611/page.htm,2026-10-09
E071,东南大学,计算机网络和信息集成教育部重点实验室2026,已剔除（2026-10-09补查）,任务为网络、网络安全、通用智能数据处理、Agent理论及软件服务；未给出机器人/具身/相关智能装备具体任务，不凭Agent、感知关键词收录。,https://cse.seu.edu.cn/edulab/2026/0507/c71314a566767/page.htm,2026-10-09
E072,香港理工大学,Research Institute for Advanced Manufacturing（第五轮2025基金）,已剔除·限校内负责人,指南要求PolyU全职学术人员、RIAM成员且RAP及以上；外部合作不能等同外部负责人申请。,https://www.polyu.edu.hk/riam/research/funding-opportunities/,2026-10-09
E073,齐鲁工业大学（山东省科学院）,山东省数控机床功能部件关键技术重点实验室2026开放课题,已剔除·实际任务范围不符,年度任务为铣头/转台/主轴/丝杠设计、装配、服役精度可靠性、刀架热特性及摆角头制造；未列机器人感知、学习、规划或自主控制任务，不仅凭高端装备/精密定位关键词收录。,https://sdjxy.qlu.edu.cn/2026/0721/c10761a281476/page.htm,2026-10-09
E074,石河子大学,计算智能与网络信息安全兵团重点实验室2024开放基金,已剔除·实际任务范围不符,年度任务为信息/系统/网络/人工智能安全、密码区块链、工控安全及隐私；未列机器人感知决策规划控制任务，不因计算智能或工控词保留。,https://cs.shzu.edu.cn/_t513/2024/0921/c12051a209837/page.htm,2026-10-09
E075,安徽理工大学,工业粉尘防控与职业安全健康教育部重点实验室2025/2026共享批次,已剔除·实际任务范围不符,年度任务为粉尘产尘运移、煤层注水、粉尘监测、风雾/超重力除尘、呼吸防护及职业健康机制；未列机器人或自主装备感知规划控制任务，不仅凭精准智能监测保留。,https://eklab.aust.edu.cn/info/1004/1214.htm,2026-10-09
E076,广西师范大学,广西多源信息挖掘与安全重点实验室2025开放课题,已剔除·经费自筹,官方正文明确项目经费自筹，未提供主办方资助；本台账目标补充经费，不列为有资助开放项目。结论仅适用2025轮次。,https://mims.gxnu.edu.cn/2025/1011/c6728a327370/page.htm,2026-10-09
E077,福州大学,数字能源福建省高校重点实验室2026开放基金,已剔除·实际任务无关,任务为能源状态估计、电能变换电机驱动、多能低碳控制、能源系统弹性，未明确机器人感知/规划/控制或自主装备任务；不因控制、智能、电机关键词保留。仅适用此轮。,https://dqxy.fzu.edu.cn/info/1034/8270.htm,2026-10-09
E078,兰州理工大学,特种泵阀及流控系统教育部重点实验室2026基金,已剔除·实际任务无关,年度四项具体任务为核电泵设计/安全评估、航空液压泵阀可靠性、舰船阀复杂工况智能化、流程工业泵装备；未明确机器人/自主装备感知规划控制任务，不因舰船、航空、智能化关键词保留。,https://ndxy.lut.edu.cn/info/1077/7544.htm,2026-10-09
E079,河北地质大学,城市地下空间智能探测与精细开发河北省工程研究中心2026,已剔除·实际任务无关,任务为城市地球物理探测、面波微动、光纤地球物理监测、地球物理仪器及城市灾害地质评价，无机器人自主装备具体任务；额度2万元其中现金仅3000—6000元，其余租赁实验室仪器兑现。,https://www.hgu.edu.cn/info/1050/11853.htm,2026-10-09
E080,中国石油大学（华东）,海上丝路海洋资源环境组网观测技术创新中心开放基金2026第三批,已剔除·实际任务无关,仅内孤立波声传播机制及高浑浊水体水质光学遥感反演；无机器人/自主装备具体任务。平台水面水下组网介绍不代替年度任务。2024相关首批另保留N050，不剔除整个平台。,https://ocean.upc.edu.cn/2026/0424/c15098a488720/page.htm,2026-10-09
E081,中国石油大学（华东）,海上丝路海洋资源环境组网观测技术创新中心开放基金2025第二批,已剔除·实际任务无关,实际油气数据挖掘、溢油风险、水色水深遥感、中尺度涡智能反演三维重构及海洋流场反演，无机器人/自主装备具体任务；水下定位章节名称不代替实际条款。2024相关首批另保留N050，不剔除整个平台。,https://ocean.upc.edu.cn/2025/0922/c18017a471570/page.htm,2026-10-09
E082,东北电力大学,现代电力系统仿真控制与绿色电能新技术教育部重点实验室2026开放课题,已剔除·实际任务无关,实际4项为电力系统安全控制、柔直输电/直流网、可再生能源联网、综合能源；正文没有机器人/自主装备明确任务，不以智能或控制关键词保留。仅排除此年度公告，不排除机械学院机器人平台。,https://ee.neepu.edu.cn/info/1055/40177.htm,2026-10-09
E083,中国人民大学,数据工程与知识工程教育部重点实验室2026开放课题,实际任务无关,完整年度3方向为数据库体系/内核、数据空间流通安全、社会治理多源图学习及多智能体可视分析；无机器人或相关智能装备具体任务，不凭多智能体/学习保留。,https://deke.ruc.edu.cn/kfkt/zntg/60672dcdbb0f47c0be213de8ef93d5e9.htm,2026-10-09
E084,重庆交通大学,智能物流网络重庆市重点实验室2023开放基金,实际任务无关,完整年度4方向为末端即时配送、制造物流、绿色共享网络在线优化、通道物流集成优化；无机器人或相关设备感知运动规划控制具体任务，不因智能制造物流优化保留。,https://news.cqjtu.edu.cn/info/1024/51895.htm,2026-10-09
E085,长沙理工大学,2026上半年科研平台新进教师自由探索类开放基金,无校外负责人开放依据,新进教师自由探索类资助；要求论文以本校教师身份/第一单位及第一作者或首通讯，学院审核盖章内部汇总报科技处；本批无校外负责人申报依据。优先新进博士不单独改写为仅限新进，不将其他实验室对外项目一并排除。,https://www.csust.edu.cn/kxyjb/info/1031/8608.htm,2026-10-09
E086,吉林建筑大学,寒地建筑综合节能教育部重点实验室2025开放基金,实际任务无关,完整年度9方向为建筑设计节能/能耗舒适度优化/能耗异构数据/材料固废/抗震/新能源/减碳/低能耗器件/建筑节能AI，无机器人或相关智能装备具体任务；不因AI或优化保留，也不泛化排除学校所有基金。,https://hdzhjn.jlju.edu.cn/info/1093/2304.htm,2026-10-09
E087,山东交通学院,云基物联网高速公路建养设备智能化实验室2022开放课题,校外类别无经费/有经费类别仅本校学生,首次正文失败；本次官方搜索缓存已读明确资格/金额：一般课题无资助额度、年龄不限；青年1—2万仅山东交通学院在读研究生。虽有自动驾驶编队/机器人融合导航任务，校外个人无有款申报类别，不把青年金额套一般。不是实验室永不提供校外经费。,https://cloudhighway.sdjtu.edu.cn/info/1029/1271.htm,2026-10-09
E088,湖北汽车工业学院,先进轻合金材料十堰市重点实验室2026,实际任务无关,完整当年4领域及分任务均为合金成分组织/智能材料设计、形性与工艺优化、结构轻量化、焊接界面失效/防护、再生材料，无机器人感知规划控制/装备集成任务；不据智能研发/3D打印关键词保留。,https://kjc.huat.edu.cn/info/1046/3474.htm,2026-10-09
E089,新疆大学,新疆智能与绿色纺织重点实验室2025,实际任务无关,完整指南3方向为特色纺织材料与智能纺织、低碳染整功能纺织、智能时尚服装功能；无明确机器人或相关装备建模感知控制任务，不凭智能名称保留。,https://ffxy.xju.edu.cn/info/1054/3133.htm,2026-10-09
E090,湖北汽车工业学院/实验室共建单位,储能与动力电池湖北省重点实验室2025第二批,实际任务无关,完整年度17具体任务为电池材料/电解质/成膜/能量密度/寿命可靠性/焊接老化与质量评价/水分浸润，无机器人或具体智能装备任务；研究领域列智能装备不替代年度任务；2026无损检测N082另待核。,https://kjc.huat.edu.cn/info/1046/3489.htm,2026-10-09
E091,湖北工业大学,绿色智能算力网络湖北省重点实验室2025,实际任务无关,完整年度实际对象为算力网络治理/安全防御/隐私/芯片节能/服务器供电和计算卸载，不因多模态/数字孪生/优化词当机器人装备任务。,https://scs.hbut.edu.cn/lsznslwl/info/1031/1150.htm,2026-10-09
E092,湖北工业大学,绿色智能算力网络湖北省重点实验室2026,实际任务无关,完整年度大模型/多智能体强化学习用于算力资源调度、算网感知、信息安全和碳能耗优化，非机器人自主运动/装备测控任务，不能从算法相似推机器人；每项2万/1.25万而非总预算6万/10万。,https://scs.hbut.edu.cn/info/1043/6747.htm,2026-10-09
E093,内蒙古工业大学,风能太阳能利用技术教育部重点实验室2026风能太阳能利用关键技术研究开放课题,实际任务无关,4类具体任务为风机气动结构/设计、太阳能传热供能、风光发电并网检测控制、储能能源系统。无机器人或自主运动/机器人感知任务，不凭智能控制字词推断机器人相关；公告明示校外合作≥20%，不是校内专属；与已排除储能M136不同。,https://fntyn.imut.edu.cn/info/1011/1412.htm,2026-10-09
E094,高速列车国创/中车研究院/工信电子五所/机电招标中心联合,轨道交通装备质量大数据联合实验室2026首批开放课题,实际任务无关,完整7任务为质量管理体系/标准编码字典/质量损失统计模型/质量技术图谱/风险分级/质量成本碳指标/DFMEA-PFMEA协同；没有机器人感知规划控制具体任务，不凭智能制造或大数据词保留。资助金额未公开，2026-10-16窗口未过不替代方向筛选。,https://www.miitcntc.org.cn/news/article/1268677f-c7ae-489f-aa87-a755d900cef8,2026-10-09
E095,大连理工大学,工业装备结构分析优化与CAE软件全国重点实验室2025指南,实际任务无关,完整4任务为计算力学核心算法、结构轻量多学科优化、装备结构性能及运维关键力学、CAE软件；没有机器人或自主装备感知规划控制具体任务，不凭工业/智能字词保留。2026仅申请表不是新受理。2025标题与2024-07-04发布时间矛盾保留。,https://sail.dlut.edu.cn/info/1271/5771.htm,2026-10-10
E096,温州大学,全省滩涂整治工程技术与全寿命智能监测2026,新增剔除（2026年度正式任务核验）,项目明确立项单位自筹，没有资助钱；完整3方向土体材料/工程地基/灾害智慧运营未具体机器人。原文2025-04-07截止与2026执行/发表冲突保留，不修猜。,https://cace.wzu.edu.cn/info/1702/157895.htm,2026-10-10
E097,安徽理工大学,工业粉尘深度净化与职业健康安全安徽省高校重点实验室2026,新增剔除（2026年度正式任务核验）,完整4任务为人体解剖组织胚胎、免疫、病原生物、病理生理与粉尘病研究，无机器人/感知控制装备实际任务；不凭粉尘净化标题保留。,https://yxy.aust.edu.cn/info/1013/8872.htm,2026-10-10
E098,河南理工大学/河南省国土空间调查规划院,中部粮食主产区国土生态与土地利用野外科学观测研究站2026,新增剔除（2026年度正式任务核验）,完整4任务为土地综合监测/数量质量生态管控、节约利用、整治生态安全；土地损毁遥感识别服务国土评价，无机器人导航/自主控制或相关装备研发，按实际地学任务排除，非按学校排。,https://chxy.hpu.edu.cn/info/1056/7458.htm,2026-10-10
E099,河南理工大学等共建,自然资源部矿山时空信息与生态修复重点实验室2026,新增剔除（2026年度正式任务核验）,完整3任务为矿区遥感时空数据/GIS三维可视与应急管理/生态修复，传感网监测服务地质灾害，未提供机器人或相关智能装备具体建模控制算法任务；不把地理三维绘制笼统当机器人三维重建。,https://chxy.hpu.edu.cn/info/1056/7387.htm,2026-10-10
E100,西华大学,四川省智能微电网群运行控制工程技术研究中心2026,新增剔除（2026年度正式任务核验）,完整4方向16条为微电网能量管理、变换器、电能质量、储能与应急供电、智能运维；传感诊断仅电网运行对象，没有机器人感知规划控制具体任务，不仅控制名称保留。,https://seie.xhu.edu.cn/c0/98/c1927a245912/page.htm,2026-10-10
E101,中国环境科学研究院,生态环境部湖泊污染控制重点实验室2026,新增剔除（2026年度正式任务核验）,完整年度正文4任务为沉积污染物与藻生态、污泥资源化、水文水质响应、新除藻剂环境行为；无机器人或相关智能装备任务，快速筛出无需深入其无关附件。,https://www.craes.cn/tzgg/tz/xxgk/202609/t20260929_1175497.shtml,2026-10-10
E102,包头医学院,内蒙古自治区疾病相关生物标志物重点实验室2026,新增剔除（2026年度正式任务核验）,完整年度2方向心血管发病与药物、中蒙医药炎症免疫基础应用，无机器人、医工装备/图像感知任务，不因医学可做就泛收。,https://www.btmc.edu.cn/kjc/info/1040/2982.htm,2026-10-10
E103,南方科技大学,广东省可持续仿生材料与绿色能源重点实验室2026,新增剔除（完整年度任务）,完整四任务为无机功能纳米材料、高性能仿生结构材料、绿色能源转换材料、储能器件；未有机器人/感知控制装备实际任务，按任务排除。仿生名称不等于机器人；外部及港澳PI资格不否认。,https://science.sustech.edu.cn/portal/article/index/id/1573,2026-10-10
E104,华南师范大学,广东省心理健康与认知科学重点实验室2024,新增剔除（完整年度任务）,完整四项资助方向是学习认知/创新培养、中小学生核心素养、心理素质和社会、脑认知障碍/心理创伤防治；未有机器人感知自主运动或具体人机交互装备任务。心理认知名称不是排除理由，以已取得具体年度方向判断。,https://psy.scnu.edu.cn/a/20240621/2724.html,2026-10-10
E105,广东省农业科学院蔬菜研究所,广东省蔬菜新技术研究重点实验室2027,新增剔除（完整年度任务）,官方缓存年度三项任务完整列出：重要性状基因功能、逆境响应机制、蔬菜绿色高效栽培技术；未见机器人/智能装备实际任务，不因农业平台就纳相关项目。不是整页全文已取得。,https://www.gdaas.cn/gdvri/sqgk/tzgg/content/post_1338337.html,2026-10-10
E106,湖北中医药大学,中药资源与中药化学湖北省重点实验室2026—2027,新增剔除（完整年度任务）,完整五年度任务：药效物质新方法、复方靶点机制、活性成分绿色制造、资源品质、大健康产品；未有机器人/感知设备具体任务。,https://klrccm.hbucm.edu.cn/info/1006/1613.htm,2026-10-10
E107,中国科学院山西煤炭化学研究所,煤炭高效低碳利用全国重点实验室2027—2028,新增剔除（完整年度任务）,六项年度任务是煤燃烧/转化、催化剂化学品、污染物资源化、材料高通量和化工过程模拟，不是机器人感知规划控制；数据/模拟词不作为相关证据。,https://www.sxicc.ac.cn/tz/temp/202609/t20260924_8286738.html,2026-10-10
E108,中国科学院西北生态环境资源研究院,甘肃省油气资源勘探与评价重点实验室2026,新增剔除（完整年度任务）,完整五任务：深层油气、页岩煤层气、氦氢伴生、地球化学分析、地质前沿；未见机器人装备任务。,https://lig.cas.cn/xwzx/zhxw/202606/t20260615_841862.html,2026-10-10
E109,西藏大学,青藏高原生物多样性与生态保护教育部重点实验室2026,新增剔除（完整年度任务）,官方缓存完整三方向生物分布适应、生态全球变化、生态预警修复，不是机器人具体感知/控制任务；不声称网页全文取得。,https://klbeqtp.utibet.edu.cn/info/1025/1223.htm,2026-10-10
E110,广东以色列理工学院,广东省能量转换材料与技术重点实验室2024,新增剔除（完整年度任务）,全文年度任务是压电/柔性电子能量收集设计、原子尺度模拟、固态电池材料制备与表征、催化/废物转化；未给机器人感知/规划控制实际任务。2022/2023机制同时已读，不能把材料器件名称当机器人方向。,https://sites.gtiit.edu.cn/matec/open-fund/,2026-10-10
E111,上海大学,新型显示技术及应用集成教育部重点实验室2027,新增剔除（完整年度任务）,完整五任务为OLED/MicroLED显示、TFT与材料机理、光刻沉积封装工艺设备；无机器人感知学习规划控制具体任务。,https://fpd.shu.edu.cn/info/1111/4704.htm,2026-10-10
E112,河北地质大学,深空探测物质科学与应用河北省重点实验室2026,新增剔除（完整年度任务）,年度实际任务为陨石成因挥发分定年、小行星矿产资源、矿物对比；无机器人设备感知规划控制。,https://www.hgu.edu.cn/info/1050/11856.htm,2026-10-10
E113,浙江师范大学,流域地表过程与生态安全浙江省重点实验室2025,新增剔除（完整年度任务）,完整11任务为森林碳汇、水环境遥感尺度转换、污染迁移修复及生态功能数字孪生；天地观察指生态数据，不是无人机自主/机器人任务。,https://dlhj.zjnu.edu.cn/_t33/2025/0916/c19508a527275/page.htm,2026-10-10
E114,江汉大学,持久性有毒污染物环境与健康危害湖北省重点实验室2026,新增剔除（完整年度任务）,全文三实际任务为污染物环境行为、毒理健康危害、环境污染控制健康保障；无机器人感知规划控制/智能装备具体技术任务。,https://pts.jhun.edu.cn/73/e8/c5452a226280/pagem.htm,2026-10-10
E115,中山大学,广东省脑功能与脑疾病重点实验室2026,新增剔除（完整年度任务）,全文四实际任务为脑认知、可塑性机制、脑疾病靶标、神经发育移植再生；无机器人/具体人机交互装备。标题与执行期2026、首段2025文字差异保留来源但不据此另加2025项目。,https://zssom.sysu.edu.cn/node/11776,2026-10-10
E116,中国科学院广州能源研究所,广东省可再生能源重点实验室2026—2027,新增剔除（完整年度任务）,年度具体任务为生物质转化、光电材料、波浪能流体力学、地热、能源节约、微网控制、电池材料及水合物；未有机器人具体任务。不得以智能微网控制泛收。,https://giec.cas.cn/tzgg2016/202510/t20251011_7986148.html,2026-10-10
E117,北京大学深圳研究生院,广东省纳米微米材料研究重点实验室2024,新增剔除（完整年度任务）,实际资助纳微材料制备及能源、芯片、生物医药、电池等应用；AI赋能新材料没有具体机器人感知学习规划控制任务，不据AI一词保留。,https://web.pkusz.edu.cn/nwcll/2024/08/26/%E5%B9%BF%E4%B8%9C%E7%9C%81%E7%BA%B3%E7%B1%B3%E5%BE%AE%E7%B1%B3%E6%9D%90%E6%96%99%E7%A0%94%E7%A9%B6%E9%87%8D%E7%82%B9%E5%AE%9E%E9%AA%8C%E5%AE%A4%E5%BC%80%E6%94%BE%E8%AF%BE%E9%A2%98%E7%94%B3%E8%AF%B7-4/,2026-10-10
E118,广州大学,工程抗震减震与结构安全教育部重点实验室2025,新增剔除（完整年度任务）,实际四任务跨断层桥隧隔震、历史建筑保护、震后结构检测评估、桥梁抗爆抗冲击；未给出机器人/自主装备/具体视觉感知技术任务，快速检测名称不替代关联证据。,https://eertc.gzhu.edu.cn/info/1192/8809.htm,2026-10-10
E119,华中科技大学,材料成形与模具技术全国重点实验室2026,新增剔除（完整年度任务）,完整七任务为材料成形模拟、近净成形、模具修复、高能束增材工艺、材料器件成形等；智能成形总称及控制学科交叉未列具体机器人感知规划控制技术任务。,https://matproc.hust.edu.cn/info/1715/4409.htm,2026-10-10
E120,青岛科技大学,橡塑材料与工程教育部/山东省高性能橡胶材料与工程重点实验室2025,新增剔除（完整年度任务）,完整年度5任务为橡胶合成、成型加工应用、结构性能、废旧橡胶与生物基材料；平台简介智能装备不等于年度机器人任务，未列具体自主感知规划控制。,https://gfz.qust.edu.cn/info/1072/3557.htm,2026-10-10
E121,哈尔滨工业大学（深圳）,广东省空天通信与网络技术重点实验室2025,新增剔除（完整年度任务）,完整年度5任务是卫星传输信号处理、6G星地网络、空天地通信体系、遥感信息表征处理及空间智能通信；未有具体自主装备感知/决策/规划控制，不能仅因空天或智能网络收录。周期9月31日笔误留来源，不由日期错误推公告无效。,https://acntl.hitsz.edu.cn/info/1078/1134.htm,2026-10-10
E122,江西理工大学,稀土产品检测与溯源重点实验室；国家市场监督管理总局重点实验室（稀土产品检测与溯源）2025年度开放研究基金申请指南-江西理工大学科学技术处,新增剔除（正式正文任务/明确校内条件）,2025矿物元素同位素产地溯源与大数据溯源库，非机器人任务,https://kjc.jxust.edu.cn/info/1018/4146.htm,2026-10-10
E123,桂林理工大学,有色金属及材料加工新技术教育部重点实验室／广西光电材料与器件重点实验室；关于申请2026年度有色金属及材料加工新技术教育部重点实验室、广西光电材料与器件重点实验室开放基金的通知-广西光电材料与器件重点实验室,新增剔除（正式正文任务/明确校内条件）,2026六方向为合金设计加工、废弃物资源化、光电电子及储能材料器件，无机器人任务,https://oem.glut.edu.cn/info/1045/1789.htm,2026-10-10
E124,嘉兴大学,生物基健康功能纤维材料重点实验室；全省生物基健康功能纤维材料重点实验室2026年度开放基金课题申报指南-嘉兴大学材料与纺织工程学院,新增剔除（正式正文任务/明确校内条件）,2026十具体任务为纤维合成、医用材料及纺丝机理专用设备；未列机器人感知规划控制，不能因设备研发整体保留,https://cfxy.zjxu.edu.cn/info/10626/3616.htm,2026-10-10
E125,内蒙古大学,草地生态学重点实验室；内蒙古自治区草地生态学重点实验室 2026年度开放课题申报指南-内蒙古草地生态学重点实验室,新增剔除（正式正文任务/明确校内条件）,草地植物、土壤生态、放牧与生态恢复，无机器人技术任务,https://ecology.imu.edu.cn/info/1016/1403.htm,2026-10-10
E126,安徽理工大学,聚合物膜相关重点实验室；2026年度特种聚合物安徽省重点实验室开放基金申请指南-安徽理工大学化工与爆破学院欢迎您！,新增剔除（正式正文任务/明确校内条件）,电池电解质、燃料电池、透析及水气分离膜化学，无机器人任务,https://scbe.aust.edu.cn/info/1055/8114.htm,2026-10-10
E127,安徽建筑大学,环境污染相关平台；安徽省环境污染控制与资源化重点实验室 2025年度开放课题申报指南,新增剔除（正式正文任务/明确校内条件）,污水饮水、固废及土壤环境修复，无机器人任务,https://www.ahjzu.edu.cn/resource/2025/1104/c9947a258976/page.htm,2026-10-10
E128,安徽建筑大学,空间智慧与健康城市相关平台；安徽省地域环境健康与空间智慧感知工程研究中心 2025 年度开放课题（校外）申报通知,新增剔除（正式正文任务/明确校内条件）,城乡环境健康与城市规划；不是机器人运动规划,https://www.ahjzu.edu.cn/jzygh/2025/1103/c5892a258871/page.htm,2026-10-10
E129,安徽建筑大学,线缆高分子相关平台；特种电线电缆国家地方联合工程研究中心开放课题申请指南(2025年度）,新增剔除（正式正文任务/明确校内条件）,高分子复合材料及功能化；无机器人任务,https://www.ahjzu.edu.cn/chxy/2025/1013/c14622a257788/pagem.htm,2026-10-10
E130,海南大学,热带海洋材料相关平台；热带海洋工程材料及评价全国重点实验室2026年开放研究课题申报指南-热带海洋工程材料及评价全国重点实验室,新增剔除（正式正文任务/明确校内条件）,年度任务为腐蚀、玻璃、磁致伸缩及海洋装备材料性能；无感知规划控制任务,https://skltm.hainanu.edu.cn/info/1091/6891.htm,2026-10-10
E131,新疆农业科学院,农业生态相关重点实验室；农业农村部西北绿洲农业环境重点实验室2026年度开放基金项目申请指南,新增剔除（正式正文任务/明确校内条件）,残膜微塑料、水肥温室气体及面源污染；未提出自主回收装备任务,https://kyc.xjau.edu.cn/2026/0403/c2905a114499/page.psp,2026-10-10
E132,常州大学,动力电池安全相关平台；石油和化工行业动力电池安全与事故防控技术工程实验室2025年度开放课题指南,新增剔除（正式正文任务/明确校内条件）,电池材料安全、火灾预警及回收；泛AI不能替代机器人任务,https://ipsem.cczu.edu.cn/2025/1027/c15269a402781/page.htm,2026-10-10
E133,南京航空航天大学,航空热管理相关业务费平台；关于申请2025年度航空飞行器热管理与能量利用重点实验室开放课题的通知,新增剔除（正式正文任务/明确校内条件）,2025仅校内≤40岁青年教师，外校申请人不具资格,https://cepe.nuaa.edu.cn/2025/1201/c15758a388849/page.htm,2026-10-10
E134,南京工程学院,多能互补相关重点实验室；关于发布江苏省多能融合与灵活性发电技术重点实验室2025年度开放基金项目指南的通知-能源与动力工程学院,新增剔除（正式正文任务/明确校内条件）,燃料碳捕获、锅炉调峰和储能调度，非机器人控制,https://nd.njit.edu.cn/info/1194/6470.htm,2026-10-10
E135,自然资源部第一海洋研究所,海洋生态相关平台；青岛市现代分析与近海生态环境安全保障重点实验室2026年度开放基金申请指南_通知公告_门户网站,新增剔除（正式正文任务/明确校内条件）,化学物质毒素、碳循环及微生物修复，无机器人任务,https://www.fio.org.cn/news/tzgg-detail-14972.htm,2026-10-10
E136,山东科技大学,露天矿山灾害防控相关平台；露天煤矿灾害防治与生态保护全国重点实验室2025年度开放基金申请指南-矿山灾害预防控制实验室,新增剔除（正式正文任务/明确校内条件）,年度8任务为地质边坡、环境遥感及灾害；介绍中的智能应急设备不替代年度任务,https://mdpc.sdust.edu.cn/info/1026/2519.htm,2026-10-10
E137,中国科学院上海有机化学研究所,生命小分子相关重点实验室；生命过程小分子调控全国重点实验室2027年度开放课题申请指南--生命过程小分子调控全国重点实验室,新增剔除（正式正文任务/明确校内条件）,2027活性分子与药物靶标任务，无机器人任务,https://sioc.cas.cn/sklcb/kfgx/kfkt/sqzn/202606/t20260630_8235628.html,2026-10-10
E138,福州大学,仪器测试中心；关于申请2027年“福州大学福建省高校测试中心贵重仪器设备开放测试基金”的通知-福州大学福建省高校测试中心,新增剔除（正式正文任务/明确校内条件）,2027仪器测试基金仅本校实际在职人员；非校外开放科研申请,https://iamc.fzu.edu.cn/info/1103/5770.htm,2026-10-10
E139,河南城建学院,水污染相关重点实验室；河南省水体污染防治与修复重点实验室2026年度开放基金申报指南-河南省水体污染防治与修复重点实验室,新增剔除（正式正文任务/明确校内条件）,水环境、新污染物及化学污水处理，非机器人任务,https://keylab.huuc.edu.cn/info/1047/1335.htm,2026-10-10
E140,苏州大学,重大脑疾病创新药物研发及转化重点实验室；江苏省重大脑疾病创新药物研发及转化重点实验室2025年开放课题申请指南,新增剔除（正式正文任务/明确校内条件）,脑疾病机制药物靶标；AI临床靶标不等于机器人任务,https://jskeylab.suda.edu.cn/5a/06/c14681a678406/page.htm,2026-10-10
E141,内蒙古工业大学,新材料与表面工程重点实验室；2026年度内蒙古自治区新材料与表面工程重点实验室开放课题基金申请通知-内蒙古自治区新材料与表面工程重点实验室,新增剔除（正式正文任务/明确校内条件）,涂层及热光电材料性能；无机器人技术任务,https://bmytc.imut.edu.cn/info/1011/1293.htm,2026-10-10
E142,贵州大学,粮油作物优质高效增产全省重点实验室；贵州省粮油作物优质高效增产全省重点实验室2026年度开放课题申报指南（重点项目）,新增剔除（正式正文任务/明确校内条件）,粮油品质、基因及种植增产，非农业机器人任务,https://st.gzu.edu.cn/2026/0518/c17883a273475/page.htm,2026-10-10
E143,安徽科技工程大学,动物营养调控与健康重点实验室；2026年安徽省动物营养调控与健康重点实验室开放课题申请指南-安徽科技工程大学,新增剔除（正式正文任务/明确校内条件）,营养繁殖品质及营养数据平台，非机器人任务,https://newweb.ahstu.edu.cn/info/1131/400601.htm,2026-10-10
E144,浙江农林大学,经济林品质调控与加工利用重点实验室；关于2026年度全省经济林品质调控与加工利用重点实验室开放基金申请的通知-浙江农林大学林学院（生命科学学院）,新增剔除（正式正文任务/明确校内条件）,品质基因、生理和采后加工，非机器人任务,https://sky.zafu.edu.cn/info/1004/3098.htm,2026-10-10
E145,嘉兴大学,先进叠层光伏技术重点实验室；全省先进叠层光伏技术重点实验室关于征集2025年度开放课题的通知-嘉兴大学 生物与化学工程学院,新增剔除（正式正文任务/明确校内条件）,晶硅与钙钛矿电池及制备工艺；一般设备开发非机器人任务,https://cbcse.zjxu.edu.cn/info/10453/89244.htm,2026-10-10
E146,南华大学,环境健康与风险防控重点实验室；关于2026年度湖南省普通高等学校（南华大学）环境健康与风险防控重点实验室开放基金项目申报的通知-南华大学-公共卫生学院,新增剔除（正式正文任务/明确校内条件）,暴露毒理与健康风险模型；非机器人任务,https://gwxy.usc.edu.cn/info/1051/7300.htm,2026-10-10
E147,福建农林大学,农林生物安全全国重点实验室；农林生物安全全国重点实验室2025年开放基金课题申请指南-农林生物安全全国重点实验室,新增剔除（正式正文任务/明确校内条件）,病虫传播与生物防控；控制是生物防治而非运动控制,https://sklafb.fafu.edu.cn/info/1035/4871.htm,2026-10-10
E148,贵州大学,古生物与古环境全省重点实验室；〖申请指南〗贵州省古生物与古环境全省重点实验室2026年度开放基金申请通知,新增剔除（正式正文任务/明确校内条件）,地层演化古生态及地质遗迹科普，未列机器人视觉重建任务,https://re.gzu.edu.cn/2026/0610/c4729a275572/page.htm,2026-10-10
E149,中国矿业大学,低维材料物理与物态调控重点实验室；江苏省低维材料物理与物态调控高校重点实验室2026年度开放课题申报通知-江苏省低维材料物理与物态调控高校重点实验室,新增剔除（正式正文任务/明确校内条件）,磁性半导体界面与物态动力学，非机器人任务,https://nic.cumt.edu.cn/dwclwl/info/1022/1201.htm,2026-10-10
E150,青岛科技大学,光电传感与生命分析教育部重点实验室；光电传感与生命分析教育部重点实验室2024年度开放基金申报通知-青岛科技大学,新增剔除（正式正文任务/明确校内条件）,化学传感材料、细胞分子探针；非机器人感知。标题2024、正文发表于2023且窗口2023，保留差异，不因链接年份排除,https://www.qust.edu.cn/info/1553/27795.htm,2026-10-10
E151,包头师范学院,磁学与磁性材料重点实验室；关于内蒙古自治区高等学校磁学与磁性材料重点实验室开展2026年度开放课题申报的通知-包头师范学院,新增剔除（正式正文任务/明确校内条件）,稀土磁性与材料制备性能；非机器人任务,https://www.bttc.edu.cn/info/1011/20548.htm,2026-10-10
E152,南京航空航天大学,航空发动机热环境与热结构工信部重点实验室；关于申请2024年度航空发动机热环境与热结构 工信部重点实验室开放课题的通知,新增剔除（正式正文任务/明确校内条件）,2024限校内青年教师，外校不符合,https://cepe.nuaa.edu.cn/2024/0423/c15758a337027/page.htm,2026-10-10
E153,清华大学／美团,2026具身智能科研专项,新增严格剔除,每题30万、机器人任务相关，但明确只征集清华全职教师研究人员、以清华邮箱索题；南信大不满足直接对外PI条件，不列开放申报项目。外部合作无正式承诺。,https://www.ee.tsinghua.edu.cn/info/1076/5399.htm,2026-10-10
E154,安徽工程大学,2026校内揭榜挂帅培育专项,新增严格剔除,面向本校各学院内部重大成果培育申报，无对外科研任务及外部申报条件；不把高级或博士的一般条款看成全国开放。,https://kjc.ahpu.edu.cn/_t41/2026/0716/c731a275407/page.psp,2026-10-10
E155,华为云,科研创新扶持计划,新增严格剔除,提供鲲鹏云券5000—2万元/单位，不是现金科研经费；无具体机器人有钱征集任务，不纳现金申请项目。,https://developer.huaweicloud.com/plan/campus/innovation.html,2026-10-10
E156,华为,AI百校计划,新增严格剔除,算力/开发板/优惠券资助，≤1500万是资源额度非现金金额；未有具体机器人现金科研征集，不纳有钱台账。,https://developer.huawei.com.cn/home/aiinnovation.html,2026-10-10
M181,南京邮电大学,江苏省大数据安全与智能处理重点实验室,剩余记录严格剔除,原完整2017指南仅列密码、隐私、网络管理及通用数据挖掘，未列机器人或相关装备的具体任务，按实际任务剔除。,https://bdsip.njupt.edu.cn/kfkt/list.htm,2026-10-10
M049,郑州大学相关教育部工程中心,智能集群系统教育部工程研究中心（具身智能开放课题）,剩余记录严格剔除,原来源为OpenLET社区会议及无关内容，未取得正式开放基金公告、资助任务或现金机制，不能作为开放课题。,https://i.460.net.cn/a/563644.html,2026-10-10
