项目编号,原分类,现分类,调整依据,日期
M165,04待核项目,03历史项目,明确截止日期已过,2026-10-10
M020,04待核项目,03历史项目,明确截止日期已过,2026-10-10
M016,04待核项目,03历史项目,明确截止日期已过,2026-10-10
M007,04待核项目,03历史项目,明确截止日期已过,2026-10-10
M092,04待核项目,03历史项目,明确截止日期已过,2026-10-10
M093,04待核项目,03历史项目,明确截止日期已过,2026-10-10
M127,04待核项目,03历史项目,明确截止日期已过,2026-10-10
N011,04待核项目,03历史项目,明确截止日期已过,2026-10-10
M094,04待核项目,03历史项目,明确截止日期已过,2026-10-10
M062,04待核项目,03历史项目,明确截止日期已过,2026-10-10
M037,04待核项目,03历史项目,明确截止日期已过,2026-10-10
M124,04待核项目,03历史项目,明确截止日期已过,2026-10-10
N020,04待核项目,03历史项目,明确截止日期已过,2026-10-10
M088,04待核项目,03历史项目,明确截止日期已过,2026-10-10
M111,04待核项目,03历史项目,明确截止日期已过,2026-10-10
M027,04待核项目,03历史项目,明确截止日期已过,2026-10-10
R005,04待核项目,03历史项目,明确截止日期已过,2026-10-10
N029,04待核项目,03历史项目,明确截止日期已过,2026-10-10
N038,04待核项目,03历史项目,既有记录已证实历史公告/立项/研究期结束；不补造具体截止日,2026-10-10
N039,04待核项目,03历史项目,既有记录已证实历史公告/立项/研究期结束；不补造具体截止日,2026-10-10
N041,04待核项目,03历史项目,明确截止日期已过,2026-10-10
N043,04待核项目,03历史项目,既有记录已证实历史公告/立项/研究期结束；不补造具体截止日,2026-10-10
N044,04待核项目,03历史项目,明确截止日期已过,2026-10-10
N047,04待核项目,03历史项目,明确截止日期已过,2026-10-10
N048,04待核项目,03历史项目,明确截止日期已过,2026-10-10
N050,04待核项目,03历史项目,既有记录已证实历史公告/立项/研究期结束；不补造具体截止日,2026-10-10
N066,04待核项目,03历史项目,明确截止日期已过,2026-10-10
N109,04待核项目,03历史项目,明确截止日期已过,2026-10-10
N105,04待核项目,03历史项目,明确截止日期已过,2026-10-10
N053,04待核项目,03历史项目,明确截止日期已过,2026-10-10
N071,04待核项目,03历史项目,明确截止日期已过,2026-10-10
N112,04待核项目,03历史项目,明确截止日期已过,2026-10-10
N099,04待核项目,03历史项目,明确截止日期已过,2026-10-10
N076,04待核项目,03历史项目,明确截止日期已过,2026-10-10
N064,04待核项目,03历史项目,明确截止日期已过,2026-10-10
N083,04待核项目,03历史项目,明确截止日期已过,2026-10-10
N096,04待核项目,03历史项目,明确截止日期已过,2026-10-10
N094,04待核项目,03历史项目,明确截止日期已过,2026-10-10
N082,04待核项目,03历史项目,明确截止日期已过,2026-10-10
N052,04待核项目,03历史项目,明确截止日期已过,2026-10-10
N124,04待核项目,03历史项目,明确截止日期已过,2026-10-10
N088,04待核项目,03历史项目,明确截止日期已过,2026-10-10
N091,04待核项目,03历史项目,明确截止日期已过,2026-10-10
N090,04待核项目,03历史项目,明确截止日期已过,2026-10-10
N065,04待核项目,03历史项目,既有记录已证实历史公告/立项/研究期结束；不补造具体截止日,2026-10-10
N063,04待核项目,03历史项目,既有记录已证实历史公告/立项/研究期结束；不补造具体截止日,2026-10-10
N061,04待核项目,03历史项目,既有记录已证实历史公告/立项/研究期结束；不补造具体截止日,2026-10-10
N068,04待核项目,03历史项目,既有记录已证实历史公告/立项/研究期结束；不补造具体截止日,2026-10-10
N074,04待核项目,03历史项目,既有记录已证实历史公告/立项/研究期结束；不补造具体截止日,2026-10-10
N075,04待核项目,03历史项目,既有记录已证实历史公告/立项/研究期结束；不补造具体截止日,2026-10-10
N086,04待核项目,03历史项目,既有记录已证实历史公告/立项/研究期结束；不补造具体截止日,2026-10-10
N087,04待核项目,03历史项目,既有记录已证实历史公告/立项/研究期结束；不补造具体截止日,2026-10-10
N079,04待核项目,03历史项目,既有记录已证实历史公告/立项/研究期结束；不补造具体截止日,2026-10-10
N101,04待核项目,03历史项目,既有记录已证实历史公告/立项/研究期结束；不补造具体截止日,2026-10-10
N110,04待核项目,03历史项目,既有记录已证实历史公告/立项/研究期结束；不补造具体截止日,2026-10-10
N129,04待核项目,03历史项目,明确截止日期已过,2026-10-10
N125,04待核项目,03历史项目,明确截止日期已过,2026-10-10
N133,04待核项目,03历史项目,明确截止日期已过,2026-10-10
N136,04待核项目,03历史项目,明确截止日期已过,2026-10-10
N131,04待核项目,03历史项目,明确截止日期已过,2026-10-10
N139,04待核项目,03历史项目,明确截止日期已过,2026-10-10
N142,04待核项目,03历史项目,明确截止日期已过,2026-10-10
N222,04待核项目,03历史项目,明确截止日期已过,2026-10-10
N223,04待核项目,03历史项目,明确截止日期已过,2026-10-10
N231,04待核项目,03历史项目,明确截止日期已过,2026-10-10
N228,04待核项目,03历史项目,明确截止日期已过,2026-10-10
N132,04待核项目,03历史项目,明确截止日期已过,2026-10-10
N137,04待核项目,03历史项目,明确截止日期已过,2026-10-10
N138,04待核项目,03历史项目,既有记录已证实历史公告/立项/研究期结束；不补造具体截止日,2026-10-10
N146,04待核项目,03历史项目,明确截止日期已过,2026-10-10
N150,04待核项目,03历史项目,明确截止日期已过,2026-10-10
N152,04待核项目,03历史项目,明确截止日期已过,2026-10-10
N171,04待核项目,03历史项目,明确截止日期已过,2026-10-10
N209,04待核项目,03历史项目,明确截止日期已过,2026-10-10
N215,04待核项目,03历史项目,明确截止日期已过,2026-10-10
N151,04待核项目,03历史项目,明确截止日期已过,2026-10-10
N210,04待核项目,03历史项目,明确截止日期已过,2026-10-10
N208,04待核项目,03历史项目,明确截止日期已过,2026-10-10
N216,04待核项目,03历史项目,明确截止日期已过,2026-10-10
N214,04待核项目,03历史项目,明确截止日期已过,2026-10-10
N218,04待核项目,03历史项目,明确截止日期已过,2026-10-10
N211,04待核项目,03历史项目,明确截止日期已过,2026-10-10
N160,04待核项目,03历史项目,明确截止日期已过,2026-10-10
N159,04待核项目,03历史项目,明确截止日期已过,2026-10-10
N168,04待核项目,03历史项目,明确截止日期已过,2026-10-10
N173,04待核项目,03历史项目,明确截止日期已过,2026-10-10
N175,04待核项目,03历史项目,明确截止日期已过,2026-10-10
N178,04待核项目,03历史项目,明确截止日期已过,2026-10-10
N179,04待核项目,03历史项目,明确截止日期已过,2026-10-10
N182,04待核项目,03历史项目,明确截止日期已过,2026-10-10
N187,04待核项目,03历史项目,明确截止日期已过,2026-10-10
N188,04待核项目,03历史项目,明确截止日期已过,2026-10-10
N197,04待核项目,03历史项目,明确截止日期已过,2026-10-10
N198,04待核项目,03历史项目,明确截止日期已过,2026-10-10
N200,04待核项目,03历史项目,明确截止日期已过,2026-10-10
N201,04待核项目,03历史项目,明确截止日期已过,2026-10-10
N205,04待核项目,03历史项目,明确截止日期已过,2026-10-10
N207,04待核项目,03历史项目,明确截止日期已过,2026-10-10
N233,04待核项目,03历史项目,明确截止日期已过,2026-10-10
M074,04待核项目,02项目完整详情,窗口或实际任务范围未明确；撤销单独待核页，不推定未截止,2026-10-10
M180,04待核项目,02项目完整详情,窗口或实际任务范围未明确；撤销单独待核页，不推定未截止,2026-10-10
M182,04待核项目,02项目完整详情,窗口或实际任务范围未明确；撤销单独待核页，不推定未截止,2026-10-10
M188,04待核项目,02项目完整详情,窗口或实际任务范围未明确；撤销单独待核页，不推定未截止,2026-10-10
M069,04待核项目,02项目完整详情,窗口或实际任务范围未明确；撤销单独待核页，不推定未截止,2026-10-10
M187,04待核项目,02项目完整详情,窗口或实际任务范围未明确；撤销单独待核页，不推定未截止,2026-10-10
M056,04待核项目,02项目完整详情,窗口或实际任务范围未明确；撤销单独待核页，不推定未截止,2026-10-10
M006,04待核项目,02项目完整详情,窗口或实际任务范围未明确；撤销单独待核页，不推定未截止,2026-10-10
M166,04待核项目,02项目完整详情,窗口或实际任务范围未明确；撤销单独待核页，不推定未截止,2026-10-10
M135,04待核项目,02项目完整详情,窗口或实际任务范围未明确；撤销单独待核页，不推定未截止,2026-10-10
M064,04待核项目,02项目完整详情,窗口或实际任务范围未明确；撤销单独待核页，不推定未截止,2026-10-10
R010,04待核项目,02项目完整详情,窗口或实际任务范围未明确；撤销单独待核页，不推定未截止,2026-10-10
R007,04待核项目,02项目完整详情,窗口或实际任务范围未明确；撤销单独待核页，不推定未截止,2026-10-10
N024,04待核项目,02项目完整详情,窗口或实际任务范围未明确；撤销单独待核页，不推定未截止,2026-10-10
N062,04待核项目,02项目完整详情,窗口或实际任务范围未明确；撤销单独待核页，不推定未截止,2026-10-10
R008,04待核项目,02项目完整详情,窗口或实际任务范围未明确；撤销单独待核页，不推定未截止,2026-10-10
R009,04待核项目,02项目完整详情,窗口或实际任务范围未明确；撤销单独待核页，不推定未截止,2026-10-10
N009,04待核项目,02项目完整详情,窗口或实际任务范围未明确；撤销单独待核页，不推定未截止,2026-10-10
N010,04待核项目,02项目完整详情,窗口或实际任务范围未明确；撤销单独待核页，不推定未截止,2026-10-10
N007,04待核项目,02项目完整详情,窗口或实际任务范围未明确；撤销单独待核页，不推定未截止,2026-10-10
N021,04待核项目,02项目完整详情,窗口或实际任务范围未明确；撤销单独待核页，不推定未截止,2026-10-10
N022,04待核项目,02项目完整详情,窗口或实际任务范围未明确；撤销单独待核页，不推定未截止,2026-10-10
N023,04待核项目,02项目完整详情,窗口或实际任务范围未明确；撤销单独待核页，不推定未截止,2026-10-10
N030,04待核项目,02项目完整详情,窗口或实际任务范围未明确；撤销单独待核页，不推定未截止,2026-10-10
N031,04待核项目,02项目完整详情,窗口或实际任务范围未明确；撤销单独待核页，不推定未截止,2026-10-10
N032,04待核项目,02项目完整详情,窗口或实际任务范围未明确；撤销单独待核页，不推定未截止,2026-10-10
M044,04待核项目,02项目完整详情,窗口或实际任务范围未明确；撤销单独待核页，不推定未截止,2026-10-10
M107,04待核项目,02项目完整详情,窗口或实际任务范围未明确；撤销单独待核页，不推定未截止,2026-10-10
M085,04待核项目,02项目完整详情,窗口或实际任务范围未明确；撤销单独待核页，不推定未截止,2026-10-10
N040,04待核项目,02项目完整详情,窗口或实际任务范围未明确；撤销单独待核页，不推定未截止,2026-10-10
N045,04待核项目,02项目完整详情,窗口或实际任务范围未明确；撤销单独待核页，不推定未截止,2026-10-10
N212,04待核项目,02项目完整详情,窗口或实际任务范围未明确；撤销单独待核页，不推定未截止,2026-10-10
N213,04待核项目,02项目完整详情,窗口或实际任务范围未明确；撤销单独待核页，不推定未截止,2026-10-10
N046,04待核项目,02项目完整详情,窗口或实际任务范围未明确；撤销单独待核页，不推定未截止,2026-10-10
N070,04待核项目,02项目完整详情,窗口或实际任务范围未明确；撤销单独待核页，不推定未截止,2026-10-10
N098,04待核项目,02项目完整详情,窗口或实际任务范围未明确；撤销单独待核页，不推定未截止,2026-10-10
N092,04待核项目,02项目完整详情,窗口或实际任务范围未明确；撤销单独待核页，不推定未截止,2026-10-10
N095,04待核项目,02项目完整详情,窗口或实际任务范围未明确；撤销单独待核页，不推定未截止,2026-10-10
M152,04待核项目,02项目完整详情,窗口或实际任务范围未明确；撤销单独待核页，不推定未截止,2026-10-10
N114,04待核项目,02项目完整详情,窗口或实际任务范围未明确；撤销单独待核页，不推定未截止,2026-10-10
N118,04待核项目,02项目完整详情,窗口或实际任务范围未明确；撤销单独待核页，不推定未截止,2026-10-10
N113,04待核项目,02项目完整详情,窗口或实际任务范围未明确；撤销单独待核页，不推定未截止,2026-10-10
N100,04待核项目,02项目完整详情,窗口或实际任务范围未明确；撤销单独待核页，不推定未截止,2026-10-10
N121,04待核项目,02项目完整详情,窗口或实际任务范围未明确；撤销单独待核页，不推定未截止,2026-10-10
N108,04待核项目,02项目完整详情,窗口或实际任务范围未明确；撤销单独待核页，不推定未截止,2026-10-10
N117,04待核项目,02项目完整详情,窗口或实际任务范围未明确；撤销单独待核页，不推定未截止,2026-10-10
N122,04待核项目,02项目完整详情,窗口或实际任务范围未明确；撤销单独待核页，不推定未截止,2026-10-10
N126,04待核项目,02项目完整详情,窗口或实际任务范围未明确；撤销单独待核页，不推定未截止,2026-10-10
N130,04待核项目,02项目完整详情,窗口或实际任务范围未明确；撤销单独待核页，不推定未截止,2026-10-10
N134,04待核项目,02项目完整详情,窗口或实际任务范围未明确；撤销单独待核页，不推定未截止,2026-10-10
N140,04待核项目,02项目完整详情,窗口或实际任务范围未明确；撤销单独待核页，不推定未截止,2026-10-10
N141,04待核项目,02项目完整详情,窗口或实际任务范围未明确；撤销单独待核页，不推定未截止,2026-10-10
N143,04待核项目,02项目完整详情,窗口或实际任务范围未明确；撤销单独待核页，不推定未截止,2026-10-10
N184,04待核项目,02项目完整详情,窗口或实际任务范围未明确；撤销单独待核页，不推定未截止,2026-10-10
N153,04待核项目,02项目完整详情,窗口或实际任务范围未明确；撤销单独待核页，不推定未截止,2026-10-10
N185,04待核项目,02项目完整详情,窗口或实际任务范围未明确；撤销单独待核页，不推定未截止,2026-10-10
N183,04待核项目,02项目完整详情,窗口或实际任务范围未明确；撤销单独待核页，不推定未截止,2026-10-10
N202,04待核项目,02项目完整详情,窗口或实际任务范围未明确；撤销单独待核页，不推定未截止,2026-10-10
N157,04待核项目,02项目完整详情,窗口或实际任务范围未明确；撤销单独待核页，不推定未截止,2026-10-10
N158,04待核项目,02项目完整详情,窗口或实际任务范围未明确；撤销单独待核页，不推定未截止,2026-10-10
N191,04待核项目,02项目完整详情,窗口或实际任务范围未明确；撤销单独待核页，不推定未截止,2026-10-10
N169,04待核项目,02项目完整详情,窗口或实际任务范围未明确；撤销单独待核页，不推定未截止,2026-10-10
N172,04待核项目,02项目完整详情,窗口或实际任务范围未明确；撤销单独待核页，不推定未截止,2026-10-10
N193,04待核项目,02项目完整详情,窗口或实际任务范围未明确；撤销单独待核页，不推定未截止,2026-10-10
N194,04待核项目,02项目完整详情,窗口或实际任务范围未明确；撤销单独待核页，不推定未截止,2026-10-10
N199,04待核项目,02项目完整详情,窗口或实际任务范围未明确；撤销单独待核页，不推定未截止,2026-10-10
N206,04待核项目,02项目完整详情,窗口或实际任务范围未明确；撤销单独待核页，不推定未截止,2026-10-10
N224,04待核项目,02项目完整详情,窗口或实际任务范围未明确；撤销单独待核页，不推定未截止,2026-10-10
N225,04待核项目,02项目完整详情,窗口或实际任务范围未明确；撤销单独待核页，不推定未截止,2026-10-10
N226,04待核项目,02项目完整详情,窗口或实际任务范围未明确；撤销单独待核页，不推定未截止,2026-10-10
N229,04待核项目,02项目完整详情,窗口或实际任务范围未明确；撤销单独待核页，不推定未截止,2026-10-10
