首页序号,编号,依托单位·实验室,实际任务联系依据
1,M078,苏州工学院·江苏省具身智能工业机器人及其人机协作高校重点实验室,医疗机器人力触觉反馈与人机协同，直接联系力觉感知及人机交互主线。
2,M029,华中科技大学·智能制造装备与技术全国重点实验室,机器人技能学习、自主控制和灵巧操作，联系机器人学习、规划与控制。
3,M066,山东科技大学·山东省智能感知与自主控制重点实验室,多模态视觉融合、混杂系统建模与反馈镇定、决策协同控制，覆盖感知—建模—决策—控制方法；原公告未限定机器人应用。
4,M026,浙江大学·流体动力基础件与机电系统全国重点实验室,智能机电系统动力学建模、多源感知融合及先进控制，联系交互系统建模与反馈控制；保留电液系统背景。
5,M077,苏州大学·江苏省高校通用人工智能与大模型重点实验室,机器人灵巧操作与自主导航、视觉—语言—动作模型，联系感知、学习与运动规划。
6,M105,西南交通大学·轨道交通运载系统全国重点实验室,检修作业具身智能与人机协同，联系交互操作；保留检修应用约束。
7,R001,北京交通大学·先进轨道交通自主运行全国重点实验室,多模态环境感知、具身自主系统与协同控制，联系感知与决策控制；保留轨道交通背景。
8,N164,江苏省农业科学院农业信息研究所牵头·农业农村部长三角智慧农业技术重点实验室,三维视觉定位、多模态感知、协同调度与路径规划；保留农业机器人和驻场要求。
9,N056,滁州学院·安徽省实景地理环境重点实验室,三维重建、定位导航和协同飞行，联系几何感知与运动规划；保留测绘和低空背景。
10,N034,太原理工大学／山西虹安科技股份有限公司·受限空间应急救援生命通道构建技术与装备山西省重点实验室,受限环境感知、多源融合、救援路径规划与装备控制；保留矿山/隧道背景。
11,M160,大连理工大学·工业装备智能控制与优化教育部重点实验室,装备智能检测与控制方法可联系系统反馈控制；原任务不明确力觉或柔顺交互。
12,M041,中国科学技术大学·脑启发智能感知与认知教育部重点实验室,感知与推理决策方法有联系；脑启发任务未指定机器人交互系统。
13,S001,南昌航空大学·江西省机载系统智能检测技术产业技术工程化中心（同公告联署：南昌市航空软件共性技术研发重点实验室）,拓扑/几何规划及智能导航，联系路径规划；保留机载系统背景。
14,M015,北京航空航天大学·空地一体新航行系统技术全国重点实验室,安全约束三维航路规划，联系约束规划；原任务受通信质量和低空场景约束。
15,F002,高校产学研专项·2026中国高校产学研创新基金智能算力与先进测控专项,机器人具身测控和边缘测控装备，联系感知测量；属于高校专项，原任务未明确接触力优化。
16,M100,重庆交通大学·交通工程应用机器人重庆市工程实验室,运维机器人关键技术与系统集成；任务表述较宽，保留交通工程应用要求。
17,M161,武汉科技大学·机械传动与制造工程湖北省重点实验室,机电液系统控制与机械动力学，联系建模控制；保留机械传动背景。
18,M017,天津大学·精密测试技术及仪器全国重点实验室,六自由度测量补偿及水声通信，对应测量方法；与交互控制主线的直接联系较少。
19,M142,浙江理工大学·教育部绿色纺织国际合作联合实验室（2027年度）,视觉检测及纺织具身智能有方法联系，但必须服务纺织研究；不按具身智能关键词与通用机器人任务等同排序。
20,F022,青海省科学技术厅／符合条件的省内牵头单位·2027省级重点科技计划—省际合作及相关智能装备任务,相关感知、无人装备和康复任务的合作参与渠道；青海牵头、转化应用、资金协议要求明确。
21,N085,武汉纺织大学·湖北省服装信息化工程技术研究中心,可穿戴生物传感与健康监测涉及感知，但未列机器人操控/力觉/柔顺控制；保留服装应用原意。
