M152	保留	面向eVTOL/无人机群的分布式协同驱动与振动主动控制
M191	剔除	实际任务为真实世界临床数据、患者预后预测及医疗数据建模；未包含机器人或相关智能装备任务。
M015	保留	基于通信质量感知的低空三维航路规划；安全约束下航路规划与原理验证
M119	剔除	实际任务为互联网体系结构、路由传输、算力适配及网络安全；没有机器人任务。
M100	保留	交通基础设施建设、管理与养护机器人；交通装备运行维护机器人关键技术与整机集成
M160	保留	工业装备的智能检测与控制技术；工业控制嵌入式软件及系统
M153	剔除	公告任务为复杂网络、认知机制与类脑系统建模；未列机器人、具身系统或智能装备研究任务。
M105	保留	面向检修作业的具身智能与人机协同
M146	剔除	当期任务为电磁悬浮、超导材料、电磁驱动、牵引供电及磁浮交通运行控制；未包含机器人任务，不能以磁浮控制关键词保留。
M017	保留	水下无人平台协同的稳健水声通信；数控机床六自由度误差在线测量与补偿
M066	待核	公告公开多模态视觉感知、混杂系统建模和感知—决策—控制，但未明确机器人或智能装备对象；需实验室确认具体机器人任务是否在本期范围内。
M107	待核	本期方向为电子测试与仪器，正文未取得明确机器人任务证据；机器人文字出现在相邻文章，不能据此保留。
M193	剔除	当期任务为极限环境光电测试、单光子成像、爆炸灾害与毁伤评估；不以光电感知关键词保留。
M044	待核	煤炭绿色开采及矿山智能化方向未明确机器人、无人开采装备的本期任务；须确认指南中的具体装备研究内容。
M113	剔除	本期任务聚焦认知与情感障碍、脑疾病诊疗和神经调控；未列机器人或人机协作装备任务。
M085	待核	交通物联网公告中未找到机器人或自主运行装备的明确任务；交通信息与多模态感知不能单独作为保留理由。
M161	保留	液压传动及机电液系统控制；机械传动系统设计与动力学（工业控制与智能制造装备背景）
M029	保留	机器人加工技能学习与自主控制；多机器人协同；人形机器人感知、灵巧操作与全身控制
M003	剔除	第二批实际指南为磁共振、CT、介入与放疗临床验证及DR智能质控；未发布机器人感知、规划或控制任务。
M162	剔除	实际任务为脊柱脊髓损伤、再生修复与临床医学交叉；未列机器人或相关智能装备研究任务。
M142	保留	柔性电子与纺织具身智能；机器视觉与纺织AI智能检测（须服务纺织研究）
M026	保留	电液系统集成与控制；智能机电系统动力学建模、多源感知融合、先进检测与控制
M078	保留	具身智能导航与灵巧操作；医疗机器人力触觉反馈与人机协同；特种机器人
M077	保留	视觉—语言—动作模型、机器人灵巧操作与自主导航；多机器人、多无人系统协同
M041	待核	公告资助脑启发感知、认知、芯片及示范系统，但未明确机器人验证对象；需确认机器人感知或具身任务是否属于本期范围。
M114	保留	爬壁机器人负压吸附、曲面作业与控制（截止日当天时点待确认）
M043	保留	微型机器人及微纳执行器、精密定位（截止日当天时点待确认）
M068	保留	机器人机械臂抓取、路径规划与自主导航（截止日当天时点待确认）
M106	保留	无人平台智能探测与多源感知（截止日当天时点待确认）
M035	保留	机器人遥操作、双臂操作与人机协同（截止日当天时点待确认）
M194	待核	仅有实验室及开放基金线索；当期任务与机器人联系未核实，须取得正式指南。
M182	待核	月球与行星科学平台线索；未取得当期开放指南，不能将深空探测自动等同机器人任务。
M188	待核	现有材料为发光材料平台及立项信息；当期机器人感知、智能装备任务和正式受理窗口未核实。
M069	待核	资料包含制造装备与机器人研究线索，但现有记录为立项消息；需取得当期正式申请指南与受理窗口。
M187	待核	信息物理社会可信计算平台线索；未取得本期机器人或具身系统开放任务及正式受理公告。
M006	待核	特种车辆及机器人部件相关论文线索不能代替开放课题指南；本期任务、金额及窗口未核实。
M135	待核	共享公告线索缺少该平台完整任务指南；不能以流体或控制平台名称直接认定机器人相关。
M049	待核	已见具身智能开放合作线索；需正式开放课题申请公告、指南及窗口。
M166	待核	已见智能健康开放课题评审信息；尚未取得原申请公告及机器人任务依据。
M056	待核	柔性、连续体及微型医疗机器人研究方向；常年受理说法与具体当期窗口尚待确认。
M064	待核	人形机器人指南建议征集属于前期征集；尚未取得开放课题正式受理公告。
M074	待核	现有资料为先进诊疗装备立项信息，尚未取得本期机器人任务及申请指南；不以其他下载资料代替。
M180	待核	生态纺织开放基金线索缺少本期研究任务；须核实是否确有机器人或相关智能装备任务。
M054	待核	方向含新能源场站机器人巡检与维修，但当期正式受理公告及申报条款未取得。
M185	保留	自主跟随机器人目标跟踪与复杂环境感知
M181	待核	历史公告为大数据处理、安全及应用方向，未明确机器人任务；须取得原完整指南确认具体对象。
M021	保留	工业具身智能、机器人感知决策及软件质量安全
M046	保留	智能手术规划与导航系统
M045	保留	机器人与无人系统测量、协同控制
M168	剔除	任务为能源热转换、低碳能源与能源过程测控；未列机器人研究任务。
M167	剔除	当期任务为移动通信体系、无线资源与通信网络技术；未列机器人或具身系统任务。
M022	待核	历史结构力学与控制公告尚缺当年明确机器人或无人装备具体任务；不将2027指南回填历史年度。
M169	剔除	任务为卫星遥感、星座规划与空间信息处理；未列机器人或地面无人装备任务。
M073	保留	工业具身智能世界模型、柔性操作与人机、多机器人协同
M137	保留	农机多源感知定位、自动导航、线控与自适应控制
M165	待核	英文指南公开智慧城市物联网、智能交通等宽泛领域；未列可直接核实的机器人或自主移动装备任务。
M164	剔除	指南研究对象为模拟混合信号芯片、通信、数据转换、电源与微流控；没有具体机器人任务。
M122	保留	新一代超精密加工技术及智能化装备
M009	保留	多模态机器人感知、医疗与农业机器人、具身决策控制
M008	保留	无人机监视反制平台关键技术（详细研究内容与指标须向联系人索取）
M016	待核	界面科学、摩擦学及生物接触研究未给出明确机器人任务；原摘要中的精密机器人关联不能替代指南证据。
M154	剔除	任务为新型电力系统运行、电网安全与能源材料；没有机器人任务。
M013	保留	轨道交通自主运行、多源感知与车地协同控制（自主运行装备方向）
M010	保留	机器人VLA实时推理体系结构，抓取、移动与装配任务的实时控制
M011	保留	2026指南B.4：视觉—语言—动作模型的物理对抗攻击、迁移与动作安全
M058	保留	地下空间具身智能感知、定位与点云建模
M012	剔除	任务针对机车牵引传动、电机热模型与车辆系统运行；没有机器人研究任务。
M014	保留	机器人多接触规划、具身技能学习与运动行为
M148	保留	人机交互工效、动态人体功能可达与接触压力（须遵守联合平台具体指南）
M007	待核	非线性力学、接触与摩擦任务未明确机器人系统或执行装备；需确认具体机器人交互课题是否受理。
M134	剔除	指南实际聚焦凝固、铸造、晶体生长与材料制造；智能制造表述未形成机器人任务依据。
M190	保留	平台具身智能与异构智能体协同
M092	待核	磁医学当期指南未核实磁控机器人任务；相邻网页的微型机器人信息不能作为本期指南。
M093	待核	磁医学当期指南未核实磁控机器人任务；不得由实验室名称或相邻文章推导。
M109	保留	道路建养装备智能控制（限具体装备任务，不泛化为施工机器人）
M033	保留	工业机器人传动、机电耦合与高端装备传动
M090	保留	具身智能世界模型与开放环境视觉感知
M189	保留	山区建造装备及机器人
M091	保留	桥梁检测机器人与无人巡检装备
M103	保留	工业机器人及智能产线运维、故障预测与控制
M104	待核	MEMS制造、传感器及光学器件方向未明确机器人应用任务；需取得机器人感知装备相关的具体指南依据。
M059	保留	智能无人系统感知、规划与控制
M060	保留	警用智能机器人与协同任务
M102	保留	工业机器人与柔性制造产线集成
D-GZU-001	剔除	实际指南为MRI、CT、医学图像处理和临床智能计算；未包含机器人任务。
M089	保留	山地农业机器人、果实收获视觉与智能农机
M018	保留	煤矿无人装备及机器人作业、定位和自适应控制
M057	保留	低空无人系统集群协同（仅保留具体无人装备方向）
M133	保留	桥梁与水下缺陷无人机器人检测
M131	保留	无人越野平台世界模型、具身感知与控制
M117	待核	已取得底盘集成公告及延期通知，但三个重点任务细节未完整取得；自主驾驶或机器人底盘范围须确认。
M116	保留	仿生机器人、新型驱动与感知及仿生装备
M040	待核	符号计算、知识工程及人工智能方向尚缺明确机器人应用任务；不能仅依算法关键词保留。
M039	保留	无人机轨迹与协同、自主采样探测装备
M124	待核	共享汽车测控公告已取得，实际任务附件尚待核实自主运行或机器人相关内容；合并保留原编号M125。
M070	保留	机器人视觉—力觉融合控制、医疗机器人与智能自动化
M126	剔除	当期任务为铁性器件、微波介质陶瓷、储能与物联网材料；未列机器人任务。
M157	保留	无人机、车辆与机器狗异构协同及应急救援
M094	待核	数学中心指南未明确机器人对象；需确认机器人规划或控制研究是否有具体任务支持。
M067	保留	无人系统多源感知、导航与控制
M065	保留	前沿交叉方向中的手术机器人应用与验证
M019	剔除	当期方向为发动机燃烧、清洁排放与动力系统匹配；未发布机器人任务。
M072	保留	钢结构制造机器人喷涂、焊接与自适应装配
M112	保留	智能机器人机构、感知与控制
M048	保留	交通运维机器人设计、焊接、搬运、巡检与修复
M079	剔除	实际方向为岩性识别、地热和地质环境解释；未发布机器人研究任务。
M118	保留	无人机相关优化及感知、规划与控制（限无人装备任务）
M080	保留	具身机器人磨削、抛光及加工技能
M121	保留	深海无人潜航装备与智能控制
M111	待核	指南公开生物医学影像、传感仪器与信息学领域；尚无具体机器人或控制装备任务依据。
M027	待核	数字医学工程领域公告没有列明机器人具体任务；须确认机器人感知、导航或交互装备是否在本期范围内。
M084	保留	智能机器人感知、控制与系统
M028	剔除	具体指南为电力暂态、电磁能转换、强磁场与电力器件研究；未列机器人任务，原执行控制概括过宽。
M050	保留	具身智能与图像信息处理、智能控制交叉任务
M051	待核	感知融合与决策方向尚未明确机器人或智能装备对象；须取得具体任务依据。
D-CAS-001	剔除	任务为磁共振波谱、成像及相关物理方法；没有机器人感知、规划或控制任务。
M083	保留	肿瘤手术导航、形变补偿、跟踪与标定
M086	保留	机器人集成与医疗康复智能制造装备
M130	保留	一般项目中的机器人及其应用（区分机器人技术与单纯课程教学研究）
M129	待核	智慧学习及人工智能算法任务尚缺机器人研究对象；需核实具体具身或机器人应用内容。
M030	剔除	指南为整车设计、低碳制造、安全测试和系统集成；未发布自主机器人或具身研究任务。
M052	保留	机器人视觉相关计算与随机数学方法
M053	保留	特种机器人多源感知、轨迹与动力学控制
M099	剔除	指南实际为虚拟细胞、组学、疾病诊疗与医疗智能体；未列物理机器人任务。
M087	待核	数据科学、机器视觉和智能决策未明确机器人验证对象；须核实原指南具体任务。
M088	待核	信息处理与智能控制公告缺少已核实的机器人具体任务；须核实完整附件。
M120	保留	重载机器人减速器、直驱电机及关键部件
M186	保留	穿戴、工业、软体及康复机器人
M020	待核	医学成像技术与系统公告没有明确机器人任务；须核实机器人图像引导或装备控制的具体方向。
M108	保留	机器人运动控制、柔性操作及现代自动化装备
M096	剔除	本批任务为脂肪肝及心脏超声临床技术与验证；未列超声机器人任务。
M095	剔除	本批任务为医学影像及临床诊断、预后验证；未列机器人感知、导航或控制任务。
M098	保留	医疗机器人、内窥镜感知与导航
M097	保留	面向具身任务的世界模型、三维/四维交互与验证
M127	待核	类脑计算和人工智能领域尚未取得具体机器人或智能装备任务依据。
M031	保留	医疗、柔性与协作机器人；机器人感知、学习及控制
M032	保留	机械臂—底座耦合振动、末端自适应定位（依托机构尚待确认）
M036	剔除	任务对象为能源化工过程与过程优化控制；没有机器人任务。
M115	保留	自主智能无人系统与机器人感知、决策、控制
M001	保留	机器人设计、自主学习与神经接口
M037	待核	计算神经科学与类脑算法尚未明确机器人应用或验证任务。
M004	保留	具身智能传感、闭环感知与人机交互意图识别
M101	保留	自主无人系统及机器人研究
M002	保留	人机交互与共融医疗器械（限指南明确交互任务）
M176	剔除	实际指南为纤维、复合材料及绿色加工；产线智能化措辞没有形成机器人任务依据。
M132	保留	共融机器人控制、复杂智能体系统协同与控制
M061	保留	特种重载机器人、机器视觉、多源信息融合与控制
M062	待核	公告列电力电子、新能源和运动控制，但未明确机器人或具体运动装备任务；不得仅凭运动控制词保留。
M042	保留	工业机器人控制与智能制造；无人机飞控与低空智联
M063	保留	智能机器人信息感知、多源融合与控制
M082	剔除	实际任务为医疗多模态数据、大模型与健康决策应用；未列物理机器人任务。
M024	保留	交叉前沿中的智能无人系统；工艺、设备与控制一体化
M025	保留	自主协同智能控制装备与智能无人系统（湖控专项）
M081	保留	人形机器人空间交互、地面多智能体协同与无人机群智能交互
M156	保留	云—边—端协同智能陪伴机器人与人机交互
M075	保留	医院与养老院场景的具身智能多模态融合定位
M023	保留	工程机械多源感知、智能运动控制及智能制造装备（具体课题指标需逐项遵守）
M076	保留	具身智能机器人、医疗机器人与人机交互
M047	保留	机器人辅助医疗装备及医工学技术（采用2022正式指南，不沿用双臂模仿学习概括）
M034	保留	机器人技术与系统、机器人学习、感知与控制
M005	保留	具身智能（仅保留正式指南第7项方向）
M055	剔除	当期任务为藏文语言、文化生成、舆情、遥感及舞蹈体态分析；未列机器人任务。
F001	待核	迈瑞专项属其他资助；当前指南资料未核实机器人具体任务，医学器械或超声领域不能直接代替机器人关联。
F002	保留	机器人具身测控、边缘测控装备与低空感知系统（其他资助）
F003	待核	正式指南发布通告已取得，完整机器人联合基金指南须登录GRANTS；截止、金额和资格不得据题名推断。
F004	待核	正式空间智能与世界模型指南发布通告已取得，完整指南须登录GRANTS；机器人具体任务和申报条款仍待核实。
